{
  "count": 512,
  "angle_sim_vs_ea": {
    "count": 512.0,
    "mean": 18.141973529703943,
    "std": 41.51597096162734,
    "min": 0.0,
    "25%": 0.47357789422586455,
    "50%": 4.565310207291381,
    "75%": 16.55387927461362,
    "max": 180.0
  },
  "angle_euc_vs_ea": {
    "count": 512.0,
    "mean": 76.2384609467691,
    "std": 34.20808085654581,
    "min": 0.0,
    "25%": 63.073649436792124,
    "50%": 83.565618797334,
    "75%": 89.27321388492258,
    "max": 179.41415969049115
  },
  "abs_kappa": {
    "count": 512.0,
    "mean": 64.02686817414323,
    "std": 769.8678439390582,
    "min": 0.0,
    "25%": 1.15946893432132,
    "50%": 6.156830087862229,
    "75%": 16.12686877743138,
    "max": 16773.15542760022
  },
  "sim_second_norm": {
    "count": 512.0,
    "mean": 3.974468326739553e+20,
    "std": 2.7545024806347106e+21,
    "min": 1.2430308754523108e-05,
    "25%": 0.5017097413023177,
    "50%": 3.7473362986532566,
    "75%": 230.16445679831037,
    "max": 4.502097580165901e+22
  },
  "ea_second_norm": {
    "count": 512.0,
    "mean": 5833081298.023565,
    "std": 30350270225.271362,
    "min": 1.3059164050060335,
    "25%": 7.276115439706505,
    "50%": 21.638212722470364,
    "75%": 173.6139847918089,
    "max": 442092196360.3415
  }
}