{
  "checkpoint_dir": "checkpoints/s_ps7_hw8",
  "geometry": "similarity",
  "split": "test",
  "angles": {
    "pred_first_vs_gt_first_deg": {
      "count": 1024,
      "mean": 92.69767901165235,
      "std": 88.16755436233916,
      "median": 164.71912062042827,
      "min": 0.00013340196147200312,
      "max": 179.9999965849054,
      "p05": 0.04212849040581798,
      "p25": 0.42472288314754864,
      "p75": 179.67730864418584,
      "p95": 179.96879318633594
    },
    "pred_second_vs_gt_second_deg": {
      "count": 1024,
      "mean": 92.35280003044117,
      "std": 80.99145360112368,
      "median": 102.16943182494482,
      "min": 2.2588727439225506e-06,
      "max": 179.99901077694156,
      "p05": 0.2136469634332855,
      "p25": 4.253991129883907,
      "p75": 177.97551105771626,
      "p95": 179.86332226448081
    }
  },
  "mse": {
    "first": {
      "count": 1024,
      "mean": 54199268375.97621,
      "std": 155441620049.32675,
      "median": 0.44127664986107246,
      "min": 1.865297087755709e-08,
      "max": 500047136922.25183,
      "p05": 0.008620233035492182,
      "p25": 0.10328319159819344,
      "p75": 2.0505499683352513,
      "p95": 500000210849.294
    },
    "second": {
      "count": 1024,
      "mean": 5.917371135560458e+41,
      "std": 1.2143002487602234e+43,
      "median": 7.378760422937788,
      "min": 1.3882555366913071e-08,
      "max": 3.797975803766312e+44,
      "p05": 0.0009258262775698397,
      "p25": 0.06579997673803947,
      "p75": 3206.4365711112678,
      "p95": 7.522925653360966e+36
    }
  },
  "rmse": {
    "first": {
      "count": 1024,
      "mean": 76651.50550395701,
      "std": 219826.78426423168,
      "median": 0.664286568552735,
      "min": 0.0001365758795598882,
      "max": 707140.1112383965,
      "p05": 0.09284437368191689,
      "p25": 0.3213764545506056,
      "p75": 1.4319740656749096,
      "p95": 707106.9302794974
    },
    "second": {
      "count": 1024,
      "mean": 7.727717941499167e+19,
      "std": 7.653530891671558e+20,
      "median": 2.7163869421777473,
      "min": 0.00011782425627566283,
      "max": 1.9488396044226708e+22,
      "p05": 0.03042715029068601,
      "p25": 0.2565108368084681,
      "p75": 56.62537986897524,
      "p95": 2.5736224308671094e+18
    }
  },
  "relative_l2_error": {
    "first": {
      "count": 1024,
      "mean": 20.13936421740172,
      "std": 167.48367321970056,
      "median": 4.175846798899952,
      "min": 0.01418933556677989,
      "max": 4645.004470150012,
      "p05": 0.551999634124002,
      "p25": 1.1463352831274753,
      "p75": 11.83079661983439,
      "p95": 41.24582906939792
    },
    "second": {
      "count": 1024,
      "mean": 1.9908564950071916,
      "std": 21.63165262638344,
      "median": 1.00000000000031,
      "min": 0.3634306398760383,
      "max": 674.5548059492496,
      "p05": 0.7910377736870086,
      "p25": 0.9920721456362707,
      "p75": 1.012509976150021,
      "p95": 1.6106641375008972
    }
  },
  "norms": {
    "pred_first": {
      "count": 1024,
      "mean": 1.0661152900283923,
      "std": 2.8320200964620614,
      "median": 0.6580775082111359,
      "min": 0.0,
      "max": 54.10502624511719,
      "p05": 0.1416119582951069,
      "p25": 0.4031430259346962,
      "p75": 1.1175448894500732,
      "p95": 2.1547484397888153
    },
    "pred_second": {
      "count": 1024,
      "mean": 0.0766892850028853,
      "std": 0.5301178618121094,
      "median": 0.03378362953662872,
      "min": 0.0,
      "max": 14.264220237731934,
      "p05": 0.007425474631600082,
      "p25": 0.02044943766668439,
      "p75": 0.056363293901085854,
      "p95": 0.11883880980312819
    },
    "gt_first": {
      "count": 1024,
      "mean": 108400.80934345786,
      "std": 310882.13869508123,
      "median": 0.1636291017041151,
      "min": 2.675293985416015e-05,
      "max": 1000000.0000002822,
      "p05": 0.014995394367161293,
      "p25": 0.05975961460883786,
      "p75": 0.7337597575479343,
      "p95": 1000000.000000004
    },
    "gt_second": {
      "count": 1024,
      "mean": 1.092864351906202e+20,
      "std": 1.0823727187043366e+21,
      "median": 3.839913469242828,
      "min": 1.3097974430059955e-05,
      "max": 2.7560753994643584e+22,
      "p05": 0.02899059128191358,
      "p25": 0.3629944615772158,
      "p75": 80.05056239314459,
      "p95": 3.639651746159879e+18
    }
  },
  "best_examples_preview": [
    {
      "dataset_idx": 374,
      "angle_p2_g2": 2.2588727439225506e-06,
      "mse2": 2.545397558133208e+18
    },
    {
      "dataset_idx": 607,
      "angle_p2_g2": 0.002586329391784497,
      "mse2": 100037.30892991535
    },
    {
      "dataset_idx": 678,
      "angle_p2_g2": 0.0035538784143102817,
      "mse2": 1.8442735067468665e+19
    },
    {
      "dataset_idx": 664,
      "angle_p2_g2": 0.0071006397077951295,
      "mse2": 1.0660623373934505e+41
    },
    {
      "dataset_idx": 646,
      "angle_p2_g2": 0.00791116478751919,
      "mse2": 4.202361912861053e+19
    },
    {
      "dataset_idx": 868,
      "angle_p2_g2": 0.014610437566143374,
      "mse2": 6.01043843076577e+41
    },
    {
      "dataset_idx": 189,
      "angle_p2_g2": 0.014912811653699069,
      "mse2": 289296836.06777406
    },
    {
      "dataset_idx": 874,
      "angle_p2_g2": 0.015245596483651792,
      "mse2": 2669548473947359.0
    },
    {
      "dataset_idx": 294,
      "angle_p2_g2": 0.01717425325284036,
      "mse2": 6.791879063080523e+39
    },
    {
      "dataset_idx": 418,
      "angle_p2_g2": 0.01782536829828768,
      "mse2": 1.1270223797181491e+18
    },
    {
      "dataset_idx": 797,
      "angle_p2_g2": 0.019781300742407797,
      "mse2": 7.190494539754276e+20
    },
    {
      "dataset_idx": 179,
      "angle_p2_g2": 0.024655935070477822,
      "mse2": 1.82206811507047e+42
    }
  ],
  "worst_examples_preview": [
    {
      "dataset_idx": 872,
      "angle_p2_g2": 179.99901077694156,
      "mse2": 208751858428.33582
    },
    {
      "dataset_idx": 1015,
      "angle_p2_g2": 179.99679007949464,
      "mse2": 5.968565987740309e+22
    },
    {
      "dataset_idx": 611,
      "angle_p2_g2": 179.99653766805645,
      "mse2": 5.1780201835670313e+20
    },
    {
      "dataset_idx": 44,
      "angle_p2_g2": 179.99294312453566,
      "mse2": 1.570752689249178e+23
    },
    {
      "dataset_idx": 962,
      "angle_p2_g2": 179.99206627201386,
      "mse2": 114.0896501349902
    },
    {
      "dataset_idx": 375,
      "angle_p2_g2": 179.9887675069324,
      "mse2": 3.20677762639431e+22
    },
    {
      "dataset_idx": 525,
      "angle_p2_g2": 179.9838298834303,
      "mse2": 1099.691486155045
    },
    {
      "dataset_idx": 851,
      "angle_p2_g2": 179.98119812480007,
      "mse2": 9.797902767142954
    },
    {
      "dataset_idx": 465,
      "angle_p2_g2": 179.98029327895566,
      "mse2": 786556.8946407033
    },
    {
      "dataset_idx": 808,
      "angle_p2_g2": 179.9797300769387,
      "mse2": 2.2646268722635755e+42
    },
    {
      "dataset_idx": 326,
      "angle_p2_g2": 179.9766755454906,
      "mse2": 7.055432272998498e+18
    },
    {
      "dataset_idx": 587,
      "angle_p2_g2": 179.9758858920686,
      "mse2": 29288325.009928834
    }
  ]
}