{
  "available": true,
  "num_checks": 320,
  "point_match_error": {
    "count": 320,
    "mean": 1.3621316079605852,
    "std": 0.6496720083789123,
    "median": 1.301757140687079,
    "min": 0.11153143769904365,
    "max": 3.59092635503573,
    "p05": 0.36155125382219444,
    "p25": 0.9244532936090787,
    "p75": 1.6978008380227665,
    "p95": 2.60716665229581
  },
  "analytic_first_norm": {
    "count": 320,
    "mean": 1.0,
    "std": 7.021666937153402e-17,
    "median": 1.0,
    "min": 0.9999999999999998,
    "max": 1.0000000000000002,
    "p05": 0.9999999999999999,
    "p25": 0.9999999999999999,
    "p75": 1.0,
    "p95": 1.0
  },
  "analytic_first_vs_second_cos": {
    "count": 320,
    "mean": 4.413328983225976e-16,
    "std": 8.818761808683037e-15,
    "median": 0.0,
    "min": -1.2270949088456236e-14,
    "max": 1.5621091405873664e-13,
    "p05": -6.04474063006316e-16,
    "p25": -1.1112667237377742e-16,
    "p75": 8.518663448662282e-17,
    "p95": 5.778209642794197e-16
  },
  "warning": "If point_match_error is not ~0, analytic derivatives do not match the actual sampled curve geometry. That usually means warp/resampling/noise changed the curve after loading coeffs,t_grid."
}