{
  "checkpoint_dir": "checkpoints/euclidian_ps15_hw22",
  "split": "test",
  "criterion": {
    "success_angle_threshold_deg": 20.0,
    "failure_angle_threshold_deg": 120.0,
    "ranking_metric": "angle(pred_second, GT_normal)"
  },
  "overall": {
    "count": 1024,
    "angle_p2_N": {
      "count": 1024,
      "mean": 111.66303841061067,
      "std": 30.55425580110605,
      "median": 103.3881177965871,
      "min": 0.062006099392943936,
      "max": 179.73566954341987,
      "p05": 82.2460761493899,
      "p25": 93.2753094365514,
      "p75": 127.79514229102219,
      "p95": 171.58244884128507
    },
    "angle_p2_T": {
      "count": 1024,
      "mean": 145.96328132863476,
      "std": 44.95185953842245,
      "median": 165.38965468721247,
      "min": 0.1834149327308609,
      "max": 179.99999704244132,
      "p05": 26.267593995243665,
      "p25": 135.4166306021553,
      "p75": 175.7711729527995,
      "p95": 179.28625892246254
    },
    "angle_p2_p1": {
      "count": 1024,
      "mean": 143.66022474911082,
      "std": 46.352812079800046,
      "median": 164.16400599618083,
      "min": 0.041277258163891065,
      "max": 179.99999502168694,
      "p05": 22.685443656649227,
      "p25": 130.01721782522435,
      "p75": 175.54807761028596,
      "p95": 179.09548065959214
    },
    "angle_p1_T": {
      "count": 1024,
      "mean": 4.681283645358304,
      "std": 12.859805841273642,
      "median": 1.2914055964661402,
      "min": 1.9090959104164224e-06,
      "max": 172.91095821677013,
      "p05": 0.060868444755768365,
      "p25": 0.3970464145885374,
      "p75": 3.6878965467052174,
      "p95": 18.270039770258713
    },
    "kappa": {
      "count": 1024,
      "mean": 24.0686593483871,
      "std": 167.96554748293792,
      "median": 5.35584136285809,
      "min": 0.0,
      "max": 3784.5132275908886,
      "p05": 3.503571628598515e-10,
      "p25": 1.5698323858677168,
      "p75": 14.171410249930418,
      "p95": 55.80986270533586
    },
    "pred2_norm": {
      "count": 1024,
      "mean": 0.024960350535408793,
      "std": 0.13987461233381882,
      "median": 0.010183393955230713,
      "min": 0.0,
      "max": 3.862518548965454,
      "p05": 0.0022344134282320737,
      "p25": 0.005563875427469611,
      "p75": 0.019020467065274715,
      "p95": 0.05160852354019871
    },
    "gt2_norm": {
      "count": 1024,
      "mean": 24.0686593483871,
      "std": 167.96554748293792,
      "median": 5.35584136285809,
      "min": 0.0,
      "max": 3784.5132275908886,
      "p05": 3.503571628598515e-10,
      "p25": 1.5698323858677168,
      "p75": 14.171410249930418,
      "p95": 55.80986270533586
    },
    "alpha_abs_frac": {
      "count": 1024,
      "mean": 0.8570513260907542,
      "std": 0.23646390818634805,
      "median": 0.9755936107445842,
      "min": 0.0,
      "max": 1.0000000264680164,
      "p05": 0.2550634394627591,
      "p25": 0.8384382264408297,
      "p75": 0.9976135741870642,
      "p95": 0.9999281344834726
    },
    "beta_abs_frac": {
      "count": 1024,
      "mean": 0.38879783549499375,
      "std": 0.3377804578608315,
      "median": 0.2786464817983387,
      "min": 0.0,
      "max": 0.999999381664825,
      "p05": 0.011970155945905978,
      "p25": 0.08318860584172982,
      "p75": 0.6966012796662928,
      "p95": 0.9900422572462485
    }
  },
  "success_group": {
    "count": 13,
    "angle_p2_N": {
      "count": 13,
      "mean": 8.651614245491098,
      "std": 4.239330283722927,
      "median": 8.248788694016149,
      "min": 0.062006099392943936,
      "max": 16.28472864955096,
      "p05": 1.635871734883105,
      "p25": 6.463009324799271,
      "p75": 10.968285071250147,
      "p95": 15.210869007297251
    },
    "angle_p2_T": {
      "count": 13,
      "mean": 157.24128468836477,
      "std": 47.14372408899093,
      "median": 176.33457551632907,
      "min": 15.79093656765939,
      "max": 179.80918129767085,
      "p05": 59.198878998251544,
      "p25": 173.2555989891603,
      "p75": 178.24789404855053,
      "p95": 179.50505900919083
    },
    "angle_p2_p1": {
      "count": 13,
      "mean": 162.66817995670277,
      "std": 42.679402368855634,
      "median": 176.1010409810302,
      "min": 15.577588088278763,
      "max": 179.828094105571,
      "p05": 104.52175235534355,
      "p25": 173.13386165649206,
      "p75": 178.01200240529863,
      "p95": 179.2990269409155
    },
    "angle_p1_T": {
      "count": 13,
      "mean": 6.270882838098898,
      "std": 20.043149481964374,
      "median": 0.23589164325156387,
      "min": 0.01891280790749782,
      "max": 75.68035458140709,
      "p05": 0.08060752276451433,
      "p25": 0.14109213382568855,
      "p75": 1.1200130201887633,
      "p95": 31.32426953949245
    },
    "kappa": {
      "count": 13,
      "mean": 3.6364938736497407,
      "std": 12.597184299132252,
      "median": 5.746512388611603e-10,
      "min": 2.06883860400936e-10,
      "max": 47.27442035046174,
      "p05": 2.483968637662193e-10,
      "p25": 3.678716697859857e-10,
      "p75": 8.228288403333097e-10,
      "p95": 18.90976814093335
    },
    "pred2_norm": {
      "count": 13,
      "mean": 0.013850449606812058,
      "std": 0.027643401035477536,
      "median": 0.003967289812862873,
      "min": 0.0009169127442874014,
      "max": 0.10800808668136597,
      "p05": 0.0015402372693642974,
      "p25": 0.0024412134662270546,
      "p75": 0.010012514889240265,
      "p95": 0.05531224161386478
    },
    "gt2_norm": {
      "count": 13,
      "mean": 3.6364938736497407,
      "std": 12.597184299132252,
      "median": 5.746512388611603e-10,
      "min": 2.06883860400936e-10,
      "max": 47.27442035046174,
      "p05": 2.483968637662193e-10,
      "p25": 3.678716697859857e-10,
      "p75": 8.228288403333097e-10,
      "p95": 18.90976814093335
    },
    "alpha_abs_frac": {
      "count": 13,
      "mean": 0.9200645778328757,
      "std": 0.2564096595272581,
      "median": 0.9979543953264336,
      "min": 0.03250090581245728,
      "max": 0.9999944822227884,
      "p05": 0.590356976874276,
      "p25": 0.9930799863796042,
      "p75": 0.9995324569207212,
      "p95": 0.9999532917504567
    },
    "beta_abs_frac": {
      "count": 13,
      "mean": 0.9859167477091785,
      "std": 0.011201398550012209,
      "median": 0.9896545075975641,
      "min": 0.9598800811674333,
      "max": 0.999999381664825,
      "p05": 0.9648538080639674,
      "p25": 0.9817326885887206,
      "p75": 0.9936447119244585,
      "p95": 0.9993410036131257
    }
  },
  "failure_group": {
    "count": 314,
    "angle_p2_N": {
      "count": 314,
      "mean": 148.4820630756227,
      "std": 18.363694267419007,
      "median": 147.21811760657008,
      "min": 120.05082736634795,
      "max": 179.73566954341987,
      "p05": 121.78150631619017,
      "p25": 132.8505662511472,
      "p75": 164.64226278085778,
      "p95": 177.4324670179631
    },
    "angle_p2_T": {
      "count": 314,
      "mean": 118.86906128149096,
      "std": 37.49071341506822,
      "median": 127.17498139724167,
      "min": 2.220783953746877,
      "max": 179.77743031397264,
      "p05": 49.08683255877262,
      "p25": 95.8794455772606,
      "p75": 143.9524976187101,
      "p95": 177.24428514931034
    },
    "angle_p2_p1": {
      "count": 314,
      "mean": 115.18929966982185,
      "std": 39.24940260432666,
      "median": 122.6766993013306,
      "min": 2.0073676438962686,
      "max": 179.79215526894916,
      "p05": 40.59915340741618,
      "p25": 90.88596845066914,
      "p75": 141.32180958206212,
      "p95": 177.2392054695507
    },
    "angle_p1_T": {
      "count": 314,
      "mean": 6.072239444969255,
      "std": 9.20863129270517,
      "median": 2.6302093121120333,
      "min": 0.009340095384376614,
      "max": 63.7541908967402,
      "p05": 0.09632162134075307,
      "p25": 1.0144869418938298,
      "p75": 7.260758725412501,
      "p95": 24.036938176847784
    },
    "kappa": {
      "count": 314,