{
  "checkpoint_dir": "checkpoints/s_ps7_hw8",
  "split": "test",
  "num_samples": 1024,
  "patch_size": 7,
  "mean_W": {
    "fro_norm": 16.250267028808594,
    "row_sum_abs_mean": 0.3129967153072357,
    "skew_symmetry_score": 1.4143284559249878,
    "symmetry_score": 1.4140986204147339,
    "mirror_antisymmetry_score": 0.10825426876544952,
    "band1_mass_fraction": 0.045442741364240646,
    "band2_mass_fraction": 0.15015219151973724,
    "center_row": [
      11.185503005981445,
      0.7776443362236023,
      -0.42827165126800537,
      0.0021139744203537703,
      0.17586733400821686,
      -1.8774831295013428,
      -11.597655296325684
    ]
  },
  "mean_W2": {
    "fro_norm": 2.508460521697998,
    "row_sum_abs_mean": 0.0860067829489708,
    "skew_symmetry_score": 1.414262056350708,
    "symmetry_score": 1.4141650199890137,
    "mirror_antisymmetry_score": 1.4560250043869019,
    "band1_mass_fraction": 0.2933082580566406,
    "band2_mass_fraction": 0.6293345093727112,
    "center_row": [
      0.5354768633842468,
      0.29291146993637085,
      -0.5236120820045471,
      -0.00854773260653019,
      -0.9618980288505554,
      1.6037707328796387,
      -1.462740182876587
    ]
  },
  "distribution_W": {
    "skew_symmetry_score": {
      "count": 1024,
      "mean": 1.4143329036887735,
      "std": 0.00037848461363482194,
      "median": 1.4143587946891785,
      "min": 1.4084686040878296,
      "max": 1.41765296459198,
      "p05": 1.4140829503536225,
      "p25": 1.414275586605072,
      "p75": 1.4144301414489746,
      "p95": 1.4145659327507019
    },
    "symmetry_score": {
      "count": 1024,
      "mean": 1.4140941113000736,
      "std": 0.00037777313933820057,
      "median": 1.414068341255188,
      "min": 1.4107657670974731,
      "max": 1.4199354648590088,
      "p05": 1.413861209154129,
      "p25": 1.4139969050884247,
      "p75": 1.4141517281532288,
      "p95": 1.41434406042099
    },
    "mirror_antisymmetry_score": {
      "count": 1024,
      "mean": 0.10833034852112178,
      "std": 0.001193537227768863,
      "median": 0.10827229917049408,
      "min": 0.10514844208955765,
      "max": 0.1355004608631134,
      "p05": 0.10785391107201577,
      "p25": 0.10812585055828094,
      "p75": 0.10841418616473675,
      "p95": 0.10876526311039925
    },
    "row_sum_abs_mean": {
      "count": 1024,
      "mean": 0.3134073031251319,
      "std": 0.008504646020924314,
      "median": 0.3126963824033737,
      "min": 0.3075076937675476,
      "max": 0.5047065019607544,
      "p05": 0.3116484612226486,
      "p25": 0.3123117908835411,
      "p75": 0.3131852075457573,
      "p95": 0.31446678191423416
    },
    "band1_mass_fraction": {
      "count": 1024,
      "mean": 0.04562634108879138,
      "std": 0.0016727152714563662,
      "median": 0.045515311881899834,
      "min": 0.043573975563049316,
      "max": 0.0830489844083786,
      "p05": 0.04492967687547207,
      "p25": 0.045342170633375645,
      "p75": 0.04570613335818052,
      "p95": 0.04609610177576542
    },
    "band2_mass_fraction": {
      "count": 1024,
      "mean": 0.15035167476162314,
      "std": 0.001371485804306093,
      "median": 0.15025664865970612,
      "min": 0.14708131551742554,
      "max": 0.18321646749973297,
      "p05": 0.14988849982619284,
      "p25": 0.1501583382487297,
      "p75": 0.1503651887178421,
      "p95": 0.1506639264523983
    },
    "fro_norm": {
      "count": 1024,
      "mean": 16.250339571386576,
      "std": 0.29553105076683434,
      "median": 16.2336483001709,
      "min": 16.06073570251465,
      "max": 24.05731773376465,
      "p05": 16.221740436553954,
      "p25": 16.231153964996338,
      "p75": 16.23505735397339,
      "p95": 16.23933391571045
    }
  },
  "distribution_W2": {
    "skew_symmetry_score": {
      "count": 1024,
      "mean": 1.4149597086943686,
      "std": 0.0075757485470943344,
      "median": 1.4142902493476868,
      "min": 1.4130557775497437,
      "max": 1.5596009492874146,
      "p05": 1.4140839874744415,
      "p25": 1.4141772389411926,
      "p75": 1.4144856333732605,
      "p95": 1.4152463972568512
    },
    "symmetry_score": {
      "count": 1024,
      "mean": 1.4134222131688148,
      "std": 0.00832426567241245,
      "median": 1.414136826992035,
      "min": 1.2520562410354614,
      "max": 1.4153704643249512,
      "p05": 1.4131801009178162,
      "p25": 1.4139414131641388,
      "p75": 1.414249747991562,
      "p95": 1.4143431901931762
    },
    "mirror_antisymmetry_score": {
      "count": 1024,
      "mean": 1.454096635337919,
      "std": 0.03614348219464273,
      "median": 1.450000524520874,
      "min": 1.2895535230636597,
      "max": 1.8457722663879395,
      "p05": 1.41708744764328,
      "p25": 1.440043956041336,
      "p75": 1.4631282687187195,
      "p95": 1.4956404209136962
    },
    "row_sum_abs_mean": {
      "count": 1024,
      "mean": 0.08643347901306697,
      "std": 0.04384161570651909,
      "median": 0.08265388011932373,
      "min": 0.03653547167778015,
      "max": 1.0642083883285522,
      "p05": 0.07875318713486194,
      "p25": 0.08149903081357479,
      "p75": 0.08463429473340511,
      "p95": 0.0911836676299572
    },
    "band1_mass_fraction": {
      "count": 1024,
      "mean": 0.2956679906055797,
      "std": 0.01163504734314493,
      "median": 0.2936883568763733,
      "min": 0.252375990152359,
      "max": 0.4761037230491638,
      "p05": 0.2877379819750786,
      "p25": 0.2916724234819412,
      "p75": 0.2971540689468384,
      "p95": 0.3056898072361946
    },
    "band2_mass_fraction": {
      "count": 1024,
      "mean": 0.6286542725865729,
      "std": 0.009674492783298978,
      "median": 0.6279800236225128,
      "min": 0.5252149105072021,
      "max": 0.6949086785316467,
      "p05": 0.6169764250516891,
      "p25": 0.6248493492603302,
      "p75": 0.6319247633218765,
      "p95": 0.6412683725357056
    },
    "fro_norm": {
      "count": 1024,
      "mean": 2.52031556237489,
      "std": 0.35286331176534935,
      "median": 2.49810791015625,
      "min": 2.3254125118255615,
      "max": 12.101456642150879,
      "p05": 2.4514978170394897,
      "p25": 2.484369218349457,
      "p75": 2.510672688484192,
      "p95": 2.5518025398254394
    }
  }
}