{
  "checkpoint_dir": "checkpoints/ea_ps7_hw8",
  "split": "test",
  "num_samples": 1024,
  "patch_size": 7,
  "mean_W": {
    "fro_norm": 22.003787994384766,
    "row_sum_abs_mean": 9.203545570373535,
    "skew_symmetry_score": 1.4938393831253052,
    "symmetry_score": 1.3298287391662598,
    "mirror_antisymmetry_score": 1.1643725633621216,
    "band1_mass_fraction": 0.36952024698257446,
    "band2_mass_fraction": 0.5429681539535522,
    "center_row": [
      -8.170100212097168,
      -0.564191997051239,
      -0.7260586619377136,
      0.0030596372671425343,
      0.6086618304252625,
      -0.7262952327728271,
      -4.56862211227417
    ]
  },
  "mean_W2": {
    "fro_norm": 142.39964294433594,
    "row_sum_abs_mean": 35.23299026489258,
    "skew_symmetry_score": 1.5151536464691162,
    "symmetry_score": 1.3054918050765991,
    "mirror_antisymmetry_score": 1.5885944366455078,
    "band1_mass_fraction": 0.30548185110092163,
    "band2_mass_fraction": 0.5191570520401001,
    "center_row": [
      77.06288146972656,
      6.262450218200684,
      8.214348793029785,
      0.012659259140491486,
      -3.8324649333953857,
      -2.6754329204559326,
      -21.42378044128418
    ]
  },
  "distribution_W": {
    "skew_symmetry_score": {
      "count": 1024,
      "mean": 1.4938362413085997,
      "std": 0.0004368741283236288,
      "median": 1.4938385486602783,
      "min": 1.4882709980010986,
      "max": 1.4988951683044434,
      "p05": 1.493461126089096,
      "p25": 1.4937017560005188,
      "p75": 1.4939571917057037,
      "p95": 1.4942759573459625
    },
    "symmetry_score": {
      "count": 1024,
      "mean": 1.3298318871529773,
      "std": 0.0004909055931221213,
      "median": 1.3298295140266418,
      "min": 1.3241270780563354,
      "max": 1.336057424545288,
      "p05": 1.3293379604816438,
      "p25": 1.3296962976455688,
      "p75": 1.3299831748008728,
      "p95": 1.3302532136440277
    },
    "mirror_antisymmetry_score": {
      "count": 1024,
      "mean": 1.1643729321658611,
      "std": 0.0005971140771105017,
      "median": 1.1643892526626587,
      "min": 1.1543464660644531,
      "max": 1.173420786857605,
      "p05": 1.1641082525253297,
      "p25": 1.1642976701259613,
      "p75": 1.1644577085971832,
      "p95": 1.1646023392677307
    },
    "row_sum_abs_mean": {
      "count": 1024,
      "mean": 9.203546868637204,
      "std": 0.20978982752085398,
      "median": 9.19082260131836,
      "min": 8.95580005645752,
      "max": 14.410781860351562,
      "p05": 9.175162220001221,
      "p25": 9.185602903366089,
      "p75": 9.196080446243286,
      "p95": 9.209107589721679
    },
    "band1_mass_fraction": {
      "count": 1024,
      "mean": 0.36952458356972784,
      "std": 0.00019447157047399323,
      "median": 0.3695323318243027,
      "min": 0.36574259400367737,
      "max": 0.3712272047996521,
      "p05": 0.3694256767630577,
      "p25": 0.36949798464775085,
      "p75": 0.36956989020109177,
      "p95": 0.36965416222810743
    },
    "band2_mass_fraction": {
      "count": 1024,
      "mean": 0.5429767643800005,
      "std": 0.0002609564030266947,
      "median": 0.5429743528366089,
      "min": 0.5378592014312744,
      "max": 0.5459752082824707,
      "p05": 0.5427990287542344,
      "p25": 0.5429226905107498,
      "p75": 0.5430309325456619,
      "p95": 0.5431545376777649
    },
    "fro_norm": {
      "count": 1024,
      "mean": 22.003846023231745,
      "std": 0.5155985732321591,
      "median": 21.972620010375977,
      "min": 21.32324981689453,
      "max": 34.78556442260742,
      "p05": 21.926083278656005,
      "p25": 21.95699977874756,
      "p75": 21.988248825073242,
      "p95": 22.02669315338135
    }
  },
  "distribution_W2": {
    "skew_symmetry_score": {
      "count": 1024,
      "mean": 1.515143218333833,
      "std": 0.0005589121083982999,
      "median": 1.5151526927947998,
      "min": 1.5069067478179932,
      "max": 1.519838571548462,
      "p05": 1.5146761298179627,
      "p25": 1.5149785876274109,
      "p75": 1.5153155028820038,
      "p95": 1.5156924068927764
    },
    "symmetry_score": {
      "count": 1024,
      "mean": 1.3055038508027792,
      "std": 0.0006477889867840318,
      "median": 1.3054931163787842,
      "min": 1.3000348806381226,
      "max": 1.3150029182434082,
      "p05": 1.3048664391040803,
      "p25": 1.3053040504455566,
      "p75": 1.3056950569152832,
      "p95": 1.3060460925102233
    },
    "mirror_antisymmetry_score": {
      "count": 1024,
      "mean": 1.5885784901911393,
      "std": 0.0012041695453711982,
      "median": 1.588575005531311,
      "min": 1.5721954107284546,
      "max": 1.6071281433105469,
      "p05": 1.5873580574989319,
      "p25": 1.5881724655628204,
      "p75": 1.5889549851417542,
      "p95": 1.5899077475070953
    },
    "row_sum_abs_mean": {
      "count": 1024,
      "mean": 35.23299152031541,
      "std": 1.970939475880534,
      "median": 35.12007713317871,
      "min": 33.313472747802734,
      "max": 86.0771713256836,
      "p05": 34.96901035308838,
      "p25": 35.07326412200928,
      "p75": 35.16856861114502,
      "p95": 35.28639850616455
    },
    "band1_mass_fraction": {
      "count": 1024,
      "mean": 0.30550237125135027,
      "std": 0.0006807124047832218,
      "median": 0.3054914176464081,
      "min": 0.2963777482509613,
      "max": 0.31850963830947876,
      "p05": 0.30501416325569153,
      "p25": 0.30532094091176987,
      "p75": 0.30564606189727783,
      "p95": 0.30602543503046037
    },
    "band2_mass_fraction": {
      "count": 1024,
      "mean": 0.5191789797390811,
      "std": 0.0007427229325184222,
      "median": 0.519154280424118,
      "min": 0.5093239545822144,
      "max": 0.5333603620529175,
      "p05": 0.5186860293149949,
      "p25": 0.5189915597438812,
      "p75": 0.519309937953949,
      "p95": 0.5197185307741166
    },
    "fro_norm": {
      "count": 1024,
      "mean": 142.40088295936584,
      "std": 8.306233036489763,
      "median": 141.92778778076172,
      "min": 132.59115600585938,
      "max": 354.2806396484375,
      "p05": 141.15708618164064,
      "p25": 141.66808319091797,
      "p75": 142.1841583251953,
      "p95": 142.8113670349121
    }
  }
}