{
  "checkpoint_dir": "checkpoints/affine_ps7_hw8",
  "split": "test",
  "num_samples": 1024,
  "patch_size": 7,
  "mean_W": {
    "fro_norm": 18.125825881958008,
    "row_sum_abs_mean": 0.6231558918952942,
    "skew_symmetry_score": 1.4149349927902222,
    "symmetry_score": 1.4134917259216309,
    "mirror_antisymmetry_score": 0.13908140361309052,
    "band1_mass_fraction": 0.04706444963812828,
    "band2_mass_fraction": 0.11243385076522827,
    "center_row": [
      12.481781005859375,
      -0.4123341143131256,
      -0.17278218269348145,
      -0.003908271435648203,
      0.057878196239471436,
      -1.0551153421401978,
      -13.054490089416504
    ]
  },
  "mean_W2": {
    "fro_norm": 10.843437194824219,
    "row_sum_abs_mean": 1.9156560897827148,
    "skew_symmetry_score": 1.4150348901748657,
    "symmetry_score": 1.4133915901184082,
    "mirror_antisymmetry_score": 1.7188533544540405,
    "band1_mass_fraction": 0.8357080221176147,
    "band2_mass_fraction": 0.9079855680465698,
    "center_row": [
      -0.3798844516277313,
      0.7694295048713684,
      -2.720146656036377,
      0.04117223992943764,
      -10.438316345214844,
      -0.1914435178041458,
      0.49402928352355957
    ]
  },
  "distribution_W": {
    "skew_symmetry_score": {
      "count": 1024,
      "mean": 1.4149351882515475,
      "std": 0.00022033532527196168,
      "median": 1.4149392247200012,
      "min": 1.4123014211654663,
      "max": 1.418552041053772,
      "p05": 1.414783877134323,
      "p25": 1.4148871898651123,
      "p75": 1.4149799048900604,
      "p95": 1.4150714814662932
    },
    "symmetry_score": {
      "count": 1024,
      "mean": 1.4134915334871039,
      "std": 0.0002207085469046753,
      "median": 1.413487434387207,
      "min": 1.40986168384552,
      "max": 1.4161230325698853,
      "p05": 1.4133551359176635,
      "p25": 1.4134466648101807,
      "p75": 1.4135397672653198,
      "p95": 1.413643079996109
    },
    "mirror_antisymmetry_score": {
      "count": 1024,
      "mean": 0.13910877192392945,
      "std": 0.0016483516465984687,
      "median": 0.13898970931768417,
      "min": 0.13123030960559845,
      "max": 0.1702108532190323,
      "p05": 0.13849158138036727,
      "p25": 0.13883370906114578,
      "p75": 0.1391763687133789,
      "p95": 0.1395445466041565
    },
    "row_sum_abs_mean": {
      "count": 1024,
      "mean": 0.6233279966400005,
      "std": 0.014034889052825125,
      "median": 0.6223511695861816,
      "min": 0.5799218416213989,
      "max": 0.9044551849365234,
      "p05": 0.6175395578145981,
      "p25": 0.620931401848793,
      "p75": 0.624093547463417,
      "p95": 0.6275563657283783
    },
    "band1_mass_fraction": {
      "count": 1024,
      "mean": 0.04722549930738751,
      "std": 0.001800972688406369,
      "median": 0.04708532430231571,
      "min": 0.046039897948503494,
      "max": 0.08673754334449768,
      "p05": 0.0467883450910449,
      "p25": 0.04700481705367565,
      "p75": 0.04718535952270031,
      "p95": 0.04738786779344082
    },
    "band2_mass_fraction": {
      "count": 1024,
      "mean": 0.1126721029431792,
      "std": 0.0025917961301082843,
      "median": 0.11248139292001724,
      "min": 0.11035101860761642,
      "max": 0.17044523358345032,
      "p05": 0.11197899989783763,
      "p25": 0.11233569495379925,
      "p75": 0.1126437708735466,
      "p95": 0.11292495168745517
    },
    "fro_norm": {
      "count": 1024,
      "mean": 18.12589162774384,
      "std": 0.2730151123523784,
      "median": 18.109713554382324,
      "min": 17.82975959777832,
      "max": 24.9251651763916,
      "p05": 18.05654420852661,
      "p25": 18.09397268295288,
      "p75": 18.1253080368042,
      "p95": 18.159906673431397
    }
  },
  "distribution_W2": {
    "skew_symmetry_score": {
      "count": 1024,
      "mean": 1.4150607933988795,
      "std": 0.0004318269553618919,
      "median": 1.4150313138961792,
      "min": 1.4132999181747437,
      "max": 1.424100637435913,
      "p05": 1.414819884300232,
      "p25": 1.4149621725082397,
      "p75": 1.4150924980640411,
      "p95": 1.4152496755123138
    },
    "symmetry_score": {
      "count": 1024,
      "mean": 1.4133656974881887,
      "std": 0.00043402059976236555,
      "median": 1.4133952856063843,
      "min": 1.4042569398880005,
      "max": 1.4151263236999512,
      "p05": 1.4131768226623536,
      "p25": 1.4133340120315552,
      "p75": 1.4134643375873566,
      "p95": 1.4136068522930145
    },
    "mirror_antisymmetry_score": {
      "count": 1024,
      "mean": 1.7189244255423546,
      "std": 0.015685938747401738,
      "median": 1.7196025848388672,
      "min": 1.3853144645690918,
      "max": 1.8202941417694092,
      "p05": 1.7143053531646728,
      "p25": 1.7179837226867676,
      "p75": 1.7212706208229065,
      "p95": 1.724626398086548
    },
    "row_sum_abs_mean": {
      "count": 1024,
      "mean": 1.9157524089096114,
      "std": 0.054684914744561004,
      "median": 1.9132508039474487,
      "min": 1.6782217025756836,
      "max": 3.393061876296997,
      "p05": 1.891449522972107,
      "p25": 1.9066304564476013,
      "p75": 1.920785367488861,
      "p95": 1.93575718998909
    },
    "band1_mass_fraction": {
      "count": 1024,
      "mean": 0.8339399150863755,
      "std": 0.01626072834831312,
      "median": 0.8353523910045624,
      "min": 0.4793056547641754,
      "max": 0.8556100726127625,
      "p05": 0.8284701198339463,
      "p25": 0.8331442326307297,
      "p75": 0.8373557180166245,
      "p95": 0.8419174015522003
    },
    "band2_mass_fraction": {
      "count": 1024,
      "mean": 0.9071096728439443,
      "std": 0.01081158122086661,
      "median": 0.9081501066684723,
      "min": 0.7025095820426941,
      "max": 0.9180969595909119,
      "p05": 0.9060970544815063,
      "p25": 0.9076829552650452,
      "p75": 0.9086001813411713,
      "p95": 0.9099812507629395
    },
    "fro_norm": {
      "count": 1024,
      "mean": 10.848088420927525,
      "std": 0.4254574036695642,
      "median": 10.82410717010498,
      "min": 9.975430488586426,
      "max": 21.513975143432617,
      "p05": 10.715661478042602,
      "p25": 10.790086269378662,
      "p75": 10.860039949417114,
      "p95": 10.9243634223938
    }
  }
}