{
  "checkpoint_dir": "checkpoints/euclidian_ps7_hw8",
  "split": "test",
  "num_samples": 1024,
  "patch_size": 7,
  "mean_W": {
    "fro_norm": 25.68777084350586,
    "row_sum_abs_mean": 2.1434531211853027,
    "skew_symmetry_score": 1.4175599813461304,
    "symmetry_score": 1.410859227180481,
    "mirror_antisymmetry_score": 0.3744014799594879,
    "band1_mass_fraction": 0.13234955072402954,
    "band2_mass_fraction": 0.21924006938934326,
    "center_row": [
      14.903780937194824,
      -0.24964052438735962,
      0.7723094820976257,
      -0.005414319224655628,
      -1.0833431482315063,
      -1.9768335819244385,
      -20.578216552734375
    ]
  },
  "mean_W2": {
    "fro_norm": 14.076529502868652,
    "row_sum_abs_mean": 2.2411510944366455,
    "skew_symmetry_score": 1.4445639848709106,
    "symmetry_score": 1.38319730758667,
    "mirror_antisymmetry_score": 1.2838143110275269,
    "band1_mass_fraction": 0.3488277494907379,
    "band2_mass_fraction": 0.5643237829208374,
    "center_row": [
      10.713053703308105,
      -4.684463024139404,
      5.741424560546875,
      0.07139135152101517,
      -2.4776318073272705,
      -0.9946853518486023,
      -0.7231270670890808
    ]
  },
  "distribution_W": {
    "skew_symmetry_score": {
      "count": 1024,
      "mean": 1.4175603750627488,
      "std": 0.00019240594427100474,
      "median": 1.4175623059272766,
      "min": 1.4155495166778564,
      "max": 1.4215788841247559,
      "p05": 1.4174486577510834,
      "p25": 1.4175241887569427,
      "p75": 1.4176030158996582,
      "p95": 1.417662262916565
    },
    "symmetry_score": {
      "count": 1024,
      "mean": 1.4108587839873508,
      "std": 0.00019348485121243987,
      "median": 1.41085684299469,
      "min": 1.40680992603302,
      "max": 1.4128763675689697,
      "p05": 1.4107564687728882,
      "p25": 1.410815954208374,
      "p75": 1.4108951389789581,
      "p95": 1.4109712302684785
    },
    "mirror_antisymmetry_score": {
      "count": 1024,
      "mean": 0.3744038738659583,
      "std": 0.0009308357751485703,
      "median": 0.3744816333055496,
      "min": 0.35286495089530945,
      "max": 0.37617114186286926,
      "p05": 0.37415470331907275,
      "p25": 0.3743881285190582,
      "p75": 0.37457530200481415,
      "p95": 0.3747114479541779
    },
    "row_sum_abs_mean": {
      "count": 1024,
      "mean": 2.1434802358271554,
      "std": 0.014986160148598684,
      "median": 2.144950270652771,
      "min": 1.866982340812683,
      "max": 2.167097806930542,
      "p05": 2.140180826187134,
      "p25": 2.1437039375305176,
      "p75": 2.1461331248283386,
      "p95": 2.148410606384277
    },
    "band1_mass_fraction": {
      "count": 1024,
      "mean": 0.13236409395176452,
      "std": 0.0003751793202146506,
      "median": 0.13239677995443344,
      "min": 0.12452535331249237,
      "max": 0.13280624151229858,
      "p05": 0.13220552802085878,
      "p25": 0.13233133777976036,
      "p75": 0.13245800882577896,
      "p95": 0.13254853710532188
    },
    "band2_mass_fraction": {
      "count": 1024,
      "mean": 0.2192559231480118,
      "std": 0.0008178663128778117,
      "median": 0.2193276211619377,
      "min": 0.2016593962907791,
      "max": 0.21955706179141998,
      "p05": 0.21915531456470488,
      "p25": 0.21927550435066223,
      "p75": 0.21937578916549683,
      "p95": 0.21944288089871405
    },
    "fro_norm": {
      "count": 1024,
      "mean": 25.68781690299511,
      "std": 0.13496528924826823,
      "median": 25.701918601989746,
      "min": 23.565448760986328,
      "max": 25.878196716308594,
      "p05": 25.653339099884032,
      "p25": 25.691335678100586,
      "p75": 25.71204376220703,
      "p95": 25.737683868408205
    }
  },
  "distribution_W2": {
    "skew_symmetry_score": {
      "count": 1024,
      "mean": 1.4445992034161463,
      "std": 0.0007831578323950322,
      "median": 1.4445502161979675,
      "min": 1.4395370483398438,
      "max": 1.4588361978530884,
      "p05": 1.4441101729869843,
      "p25": 1.4443893134593964,
      "p75": 1.4447338581085205,
      "p95": 1.4450715959072113
    },
    "symmetry_score": {
      "count": 1024,
      "mean": 1.3831600912380964,
      "std": 0.0008229606888326409,
      "median": 1.3832117915153503,
      "min": 1.3681364059448242,
      "max": 1.3884285688400269,
      "p05": 1.3826668858528137,
      "p25": 1.3830199539661407,
      "p75": 1.3833799362182617,
      "p95": 1.3836711287498473
    },
    "mirror_antisymmetry_score": {
      "count": 1024,
      "mean": 1.2839126804610714,
      "std": 0.010498618329689048,
      "median": 1.2836147546768188,
      "min": 1.140599012374878,
      "max": 1.473542332649231,
      "p05": 1.2771185219287873,
      "p25": 1.2810097932815552,
      "p75": 1.2862034440040588,
      "p95": 1.2911626040935515
    },
    "row_sum_abs_mean": {
      "count": 1024,
      "mean": 2.2427287340397015,
      "std": 0.024362370775106768,
      "median": 2.2445303201675415,
      "min": 1.875742793083191,
      "max": 2.334002733230591,
      "p05": 2.2326606154441833,
      "p25": 2.240910291671753,
      "p75": 2.248920738697052,
      "p95": 2.2562983870506286
    },
    "band1_mass_fraction": {
      "count": 1024,
      "mean": 0.34893072399427183,
      "std": 0.0029867669844562492,
      "median": 0.34911319613456726,
      "min": 0.27743399143218994,
      "max": 0.3624013364315033,
      "p05": 0.3472514092922211,
      "p25": 0.3485895022749901,
      "p75": 0.34966953098773956,
      "p95": 0.35046796351671217
    },
    "band2_mass_fraction": {
      "count": 1024,
      "mean": 0.5643453157972544,
      "std": 0.0031047794388122567,
      "median": 0.5645740926265717,
      "min": 0.4962756633758545,
      "max": 0.5753633379936218,
      "p05": 0.5639020562171936,
      "p25": 0.564454659819603,
      "p75": 0.5646904855966568,
      "p95": 0.5649584233760834
    },
    "fro_norm": {
      "count": 1024,
      "mean": 14.080117809586227,
      "std": 0.16932940202516716,
      "median": 14.085511684417725,
      "min": 11.403675079345703,
      "max": 17.694171905517578,
      "p05": 14.050108289718628,
      "p25": 14.073548316955566,
      "p75": 14.098880529403687,
      "p95": 14.115591239929199
    }
  }
}