{
  "checkpoint_dir": "checkpoints/clean_ps7_hw8_fullfield",
  "split": "test",
  "num_samples": 1024,
  "patch_size": 7,
  "mean_W": {
    "fro_norm": 24.470319747924805,
    "row_sum_abs_mean": 8.614731788635254,
    "skew_symmetry_score": 1.6091554164886475,
    "symmetry_score": 1.1876949071884155,
    "mirror_antisymmetry_score": 0.8936373591423035,
    "band1_mass_fraction": 0.5302454233169556,
    "band2_mass_fraction": 0.6345669627189636,
    "center_row": [
      -4.703091144561768,
      0.6254578828811646,
      0.040866561233997345,
      0.002986492356285453,
      -0.2105088233947754,
      0.4616762399673462,
      4.086440563201904
    ]
  },
  "mean_W2": {
    "fro_norm": 226.5221405029297,
    "row_sum_abs_mean": 72.09812927246094,
    "skew_symmetry_score": 1.6776965856552124,
    "symmetry_score": 1.0887305736541748,
    "mirror_antisymmetry_score": 1.7514537572860718,
    "band1_mass_fraction": 0.5476709008216858,
    "band2_mass_fraction": 0.6337277293205261,
    "center_row": [
      51.95409393310547,
      -0.7947730422019958,
      0.11579477041959763,
      0.01206087227910757,
      -1.1875262260437012,
      0.3970470428466797,
      26.531156539916992
    ]
  },
  "distribution_W": {
    "skew_symmetry_score": {
      "count": 1024,
      "mean": 1.6091478710295632,
      "std": 0.00032111763619085314,
      "median": 1.6091261506080627,
      "min": 1.6050989627838135,
      "max": 1.6132633686065674,
      "p05": 1.6089512705802917,
      "p25": 1.6090648770332336,
      "p75": 1.609189748764038,
      "p95": 1.6093676805496215
    },
    "symmetry_score": {
      "count": 1024,
      "mean": 1.1877048584865406,
      "std": 0.0004356193672207965,
      "median": 1.1877344846725464,
      "min": 1.1821088790893555,
      "max": 1.1931709051132202,
      "p05": 1.1874072790145873,
      "p25": 1.187648057937622,
      "p75": 1.1878174543380737,
      "p95": 1.1879712402820588
    },
    "mirror_antisymmetry_score": {
      "count": 1024,
      "mean": 0.8936184377525933,
      "std": 0.0007313250085129481,
      "median": 0.8935666680335999,
      "min": 0.8927923440933228,
      "max": 0.9131748080253601,
      "p05": 0.8933601289987564,
      "p25": 0.8934979438781738,
      "p75": 0.8936334848403931,
      "p95": 0.8938051015138626
    },
    "row_sum_abs_mean": {
      "count": 1024,
      "mean": 8.61473135650158,
      "std": 0.30783184924500256,
      "median": 8.594528198242188,
      "min": 8.336738586425781,
      "max": 15.906463623046875,
      "p05": 8.572573328018189,
      "p25": 8.586300611495972,
      "p75": 8.601681232452393,
      "p95": 8.62222170829773
    },
    "band1_mass_fraction": {
      "count": 1024,
      "mean": 0.530254504759796,
      "std": 0.0003829117996233747,
      "median": 0.5302963554859161,
      "min": 0.5231087803840637,
      "max": 0.5303603410720825,
      "p05": 0.5302193254232407,
      "p25": 0.5302783101797104,
      "p75": 0.5303070843219757,
      "p95": 0.5303236156702041
    },
    "band2_mass_fraction": {
      "count": 1024,
      "mean": 0.6345799153205007,
      "std": 0.0002362903202087573,
      "median": 0.634592205286026,
      "min": 0.6287994980812073,
      "max": 0.6356803774833679,
      "p05": 0.6344934582710267,
      "p25": 0.634565532207489,
      "p75": 0.6346230208873749,
      "p95": 0.6346923828125
    },
    "fro_norm": {
      "count": 1024,
      "mean": 24.470390029251575,
      "std": 0.8766717715787955,
      "median": 24.413084983825684,
      "min": 23.765926361083984,
      "max": 45.3525505065918,
      "p05": 24.346233463287355,
      "p25": 24.389583587646484,
      "p75": 24.432339668273926,
      "p95": 24.48765983581543
    }
  },
  "distribution_W2": {
    "skew_symmetry_score": {
      "count": 1024,
      "mean": 1.6776912887580693,
      "std": 0.00033148242269971076,
      "median": 1.6776904463768005,
      "min": 1.6733874082565308,
      "max": 1.6819313764572144,
      "p05": 1.6773975253105164,
      "p25": 1.6775973737239838,
      "p75": 1.677782565355301,
      "p95": 1.6780266880989074
    },
    "symmetry_score": {
      "count": 1024,
      "mean": 1.0887385229580104,
      "std": 0.0005106443954116429,
      "median": 1.0887399911880493,
      "min": 1.0821770429611206,
      "max": 1.0953423976898193,
      "p05": 1.0882216572761536,
      "p25": 1.0885978937149048,
      "p75": 1.0888833403587341,
      "p95": 1.0891914665699005
    },
    "mirror_antisymmetry_score": {
      "count": 1024,
      "mean": 1.7514479941455647,
      "std": 0.0003304047354364735,
      "median": 1.75143301486969,
      "min": 1.7469632625579834,
      "max": 1.7574694156646729,
      "p05": 1.7512784957885743,
      "p25": 1.7513946890830994,
      "p75": 1.7514792084693909,
      "p95": 1.7515916883945466
    },
    "row_sum_abs_mean": {
      "count": 1024,
      "mean": 72.09811919182539,
      "std": 7.567390087672687,
      "median": 71.6272087097168,
      "min": 66.29780578613281,
      "max": 267.4651184082031,
      "p05": 71.21882667541504,
      "p25": 71.48564720153809,
      "p75": 71.75081253051758,
      "p95": 72.12870178222656
    },
    "band1_mass_fraction": {
      "count": 1024,
      "mean": 0.5476582392584532,
      "std": 0.00021147006074290014,
      "median": 0.5476682484149933,
      "min": 0.5434345006942749,
      "max": 0.5494950413703918,
      "p05": 0.5476151287555695,
      "p25": 0.5476539731025696,
      "p75": 0.5476835519075394,
      "p95": 0.5477147489786148
    },
    "band2_mass_fraction": {
      "count": 1024,
      "mean": 0.6337289196671918,
      "std": 0.00030543359793346525,
      "median": 0.6337438523769379,
      "min": 0.6274223923683167,
      "max": 0.637936532497406,
      "p05": 0.6335947930812835,
      "p25": 0.6336942166090012,
      "p75": 0.633788526058197,
      "p95": 0.6338905781507492
    },
    "fro_norm": {
      "count": 1024,
      "mean": 226.5240493118763,
      "std": 21.895804864758652,
      "median": 225.16407775878906,
      "min": 211.5950164794922,
      "max": 778.5805053710938,
      "p05": 223.92879257202148,
      "p25": 224.72320556640625,
      "p75": 225.54337310791016,
      "p95": 226.64140701293945
    }
  }
}