{
  "checkpoint_dir": "checkpoints/affine_ps7_hw8",
  "geometry": "affine",
  "split": "test",
  "angles": {
    "pred_first_vs_gt_first_deg": {
      "count": 1024,
      "mean": 177.26438230568306,
      "std": 12.661813001950083,
      "median": 179.620618001627,
      "min": 8.235910500399164,
      "max": 179.9999964798011,
      "p05": 170.37901757296373,
      "p25": 178.84417669878005,
      "p75": 179.88639173051052,
      "p95": 179.98328397080596
    },
    "pred_second_vs_gt_second_deg": {
      "count": 1024,
      "mean": 94.70529360290475,
      "std": 83.19241545551964,
      "median": 124.07718976833053,
      "min": 7.864455664699414e-05,
      "max": 179.99992010941128,
      "p05": 0.257001928776165,
      "p25": 3.954586210379044,
      "p75": 179.27177753567128,
      "p95": 179.945299712159
    }
  },
  "mse": {
    "first": {
      "count": 1024,
      "mean": 11684.64047651346,
      "std": 33505.950175899314,
      "median": 1.1163583964183168,
      "min": 0.0016171307546224108,
      "max": 131291.02794200287,
      "p05": 0.13863741779625866,
      "p25": 0.47421152242494996,
      "p75": 2.9350851589711087,
      "p95": 107762.04054186933
    },
    "second": {
      "count": 1024,
      "mean": 2.056544275531643e+20,
      "std": 1.9724976832831357e+21,
      "median": 3051.027629605366,
      "min": 0.0004248675605140238,
      "max": 3.590904741802318e+22,
      "p05": 18.101007208416988,
      "p25": 564.5354549048425,
      "p75": 23467.882180527085,
      "p95": 2.7841214156404613e+18
    }
  },
  "rmse": {
    "first": {
      "count": 1024,
      "mean": 36.704976432604056,
      "std": 101.67293239400269,
      "median": 1.0565785332981759,
      "min": 0.04021356431134165,
      "max": 362.3410381698475,
      "p05": 0.3723403890522892,
      "p25": 0.6886301774434446,
      "p75": 1.7132089979122038,
      "p95": 328.2712910712529
    },
    "second": {
      "count": 1024,
      "mean": 2275595112.930367,
      "std": 14158958098.503284,
      "median": 55.23609579253181,
      "min": 0.020612315748455432,
      "max": 189496826933.91776,
      "p05": 4.254525692304509,
      "p25": 23.75992636557158,
      "p75": 153.19165094817018,
      "p95": 1567376414.5271544
    }
  },
  "relative_l2_error": {
    "first": {
      "count": 1024,
      "mean": 2.985079620196811,
      "std": 4.714100804121255,
      "median": 2.2103819930045905,
      "min": 1.0,
      "max": 78.17085912424473,
      "p05": 1.0009617958629058,
      "p25": 1.5899695964307887,
      "p75": 3.1650627955198436,
      "p95": 5.608332230454267
    },
    "second": {
      "count": 1024,
      "mean": 2.7827727647086986,
      "std": 40.59801955603501,
      "median": 1.0000000000010372,
      "min": 0.9261972596981477,
      "max": 1024.6319116032023,
      "p05": 0.9938523988091346,
      "p25": 0.9993439762257811,
      "p75": 1.0005798731315148,
      "p95": 1.006391137136498
    }
  },
  "norms": {
    "pred_first": {
      "count": 1024,
      "mean": 1.122342017977644,
      "std": 2.846739406220981,
      "median": 0.6996043026447296,
      "min": 0.0,
      "max": 52.430259704589844,
      "p05": 0.1509061522781849,
      "p25": 0.4288437068462372,
      "p75": 1.188534915447235,
      "p95": 2.2857147455215445
    },
    "pred_second": {
      "count": 1024,
      "mean": 0.11707829025936789,
      "std": 0.5575538109763651,
      "median": 0.055094366893172264,
      "min": 0.0,
      "max": 13.464498519897461,
      "p05": 0.0032307173125445845,
      "p25": 0.025318667758256197,
      "p75": 0.11317917332053185,
      "p95": 0.27818881273269647
    },
    "gt_first": {
      "count": 1024,
      "mean": 50.7948793815727,
      "std": 143.81095488815734,
      "median": 0.5469598995580094,
      "min": 0.0390656519274511,
      "max": 464.1588833613118,
      "p05": 0.24662354982573462,
      "p25": 0.3909681937352497,
      "p75": 0.9019553354604909,
      "p95": 463.6926958149335
    },
    "gt_second": {
      "count": 1024,
      "mean": 3218177471.16751,
      "std": 20023790571.978092,
      "median": 78.15354686959284,
      "min": 3.630208578287268e-05,
      "max": 267988982676.59213,
      "p05": 6.063851823966597,
      "p25": 33.57114879093971,
      "p75": 216.7373664339273,
      "p95": 2216604982.7349854
    }
  },
  "best_examples_preview": [
    {
      "dataset_idx": 374,
      "angle_p2_g2": 7.864455664699414e-05,
      "mse2": 129779291.12115997
    },
    {
      "dataset_idx": 14,
      "angle_p2_g2": 0.0010481906699714406,
      "mse2": 1.0677438571717568e+20
    },
    {
      "dataset_idx": 566,
      "angle_p2_g2": 0.011199760014087054,
      "mse2": 68037906.01320873
    },
    {
      "dataset_idx": 373,
      "angle_p2_g2": 0.015682656604792854,
      "mse2": 99636024.64836377
    },
    {
      "dataset_idx": 755,
      "angle_p2_g2": 0.016680794177851475,
      "mse2": 524021.2946531239
    },
    {
      "dataset_idx": 397,
      "angle_p2_g2": 0.024961128689510895,
      "mse2": 9.61614521124533e+19
    },
    {
      "dataset_idx": 1005,
      "angle_p2_g2": 0.031785372723383366,
      "mse2": 1023598.161581245
    },
    {
      "dataset_idx": 53,
      "angle_p2_g2": 0.0359629452310578,
      "mse2": 224536.93501475095
    },
    {
      "dataset_idx": 120,
      "angle_p2_g2": 0.03657358222482113,
      "mse2": 4.2100999979291464e+16
    },
    {
      "dataset_idx": 189,
      "angle_p2_g2": 0.03850700752323517,
      "mse2": 7293541.33242496
    },
    {
      "dataset_idx": 522,
      "angle_p2_g2": 0.04326698409781326,
      "mse2": 43651.091530843994
    },
    {
      "dataset_idx": 94,
      "angle_p2_g2": 0.047522839023318095,
      "mse2": 27157572658.9621
    }
  ],
  "worst_examples_preview": [
    {
      "dataset_idx": 1010,
      "angle_p2_g2": 179.99992010941128,
      "mse2": 3750238.5535842422
    },
    {
      "dataset_idx": 611,
      "angle_p2_g2": 179.9995281960002,
      "mse2": 17801388461.196697
    },
    {
      "dataset_idx": 463,
      "angle_p2_g2": 179.9988269578859,
      "mse2": 20819.819019012255
    },
    {
      "dataset_idx": 375,
      "angle_p2_g2": 179.99619052570756,
      "mse2": 2669823668.0458627
    },
    {
      "dataset_idx": 302,
      "angle_p2_g2": 179.99618178660575,
      "mse2": 1.1367969711819017e+20
    },
    {
      "dataset_idx": 240,
      "angle_p2_g2": 179.99552416520893,
      "mse2": 62922192128.425186
    },
    {
      "dataset_idx": 80,
      "angle_p2_g2": 179.99539830054803,
      "mse2": 20521.57766856109
    },
    {
      "dataset_idx": 997,
      "angle_p2_g2": 179.99536853158884,
      "mse2": 5252.231700124931
    },
    {
      "dataset_idx": 64,
      "angle_p2_g2": 179.9952343175643,
      "mse2": 133649438072.14406
    },
    {
      "dataset_idx": 54,
      "angle_p2_g2": 179.99445998023697,
      "mse2": 2222.724113712209
    },
    {
      "dataset_idx": 390,
      "angle_p2_g2": 179.99414959839638,
      "mse2": 25921.74398218522
    },
    {
      "dataset_idx": 340,
      "angle_p2_g2": 179.99317457478338,
      "mse2": 6216697.618187644
    }
  ]
}