{
  "checkpoint_dir": "checkpoints/clean_ps11_hw14_fullfield",
  "split": "test",
  "num_samples": 1024,
  "patch_size": 11,
  "mean_W": {
    "fro_norm": 19.612098693847656,
    "row_sum_abs_mean": 5.456902027130127,
    "skew_symmetry_score": 1.4873276948928833,
    "symmetry_score": 1.337107539176941,
    "mirror_antisymmetry_score": 1.4774960279464722,
    "band1_mass_fraction": 0.17355512082576752,
    "band2_mass_fraction": 0.3163222372531891,
    "center_row": [
      1.5592658519744873,
      -0.22284094989299774,
      -0.3485034704208374,
      -0.15189167857170105,
      -0.15452179312705994,
      0.0008566159522160888,
      0.3571685552597046,
      -0.27426621317863464,
      0.6749460101127625,
      0.019300397485494614,
      -5.9657769203186035
    ]
  },
  "mean_W2": {
    "fro_norm": 88.48628234863281,
    "row_sum_abs_mean": 18.130338668823242,
    "skew_symmetry_score": 1.4801850318908691,
    "symmetry_score": 1.3450102806091309,
    "mirror_antisymmetry_score": 1.4162613153457642,
    "band1_mass_fraction": 0.19854111969470978,
    "band2_mass_fraction": 0.40854719281196594,
    "center_row": [
      15.683893203735352,
      -1.989891767501831,
      0.18595266342163086,
      -0.4716269075870514,
      0.6189295053482056,
      0.0039941309951245785,
      1.2087574005126953,
      0.536916196346283,
      4.16226863861084,
      3.106423854827881,
      -1.8453351259231567
    ]
  },
  "distribution_W": {
    "skew_symmetry_score": {
      "count": 1024,
      "mean": 1.4873170503415167,
      "std": 0.00041304232415425034,
      "median": 1.487274944782257,
      "min": 1.4861706495285034,
      "max": 1.4936628341674805,
      "p05": 1.4871525287628173,
      "p25": 1.4872457683086395,
      "p75": 1.4873127043247223,
      "p95": 1.4874504387378693
    },
    "symmetry_score": {
      "count": 1024,
      "mean": 1.3371191433398053,
      "std": 0.0004609477502708776,
      "median": 1.3371661305427551,
      "min": 1.3300269842147827,
      "max": 1.3383935689926147,
      "p05": 1.3369709312915803,
      "p25": 1.337124079465866,
      "p75": 1.337198555469513,
      "p95": 1.33730229139328
    },
    "mirror_antisymmetry_score": {
      "count": 1024,
      "mean": 1.4775231194216758,
      "std": 0.0009289465676270229,
      "median": 1.4775623679161072,
      "min": 1.4642212390899658,
      "max": 1.4823211431503296,
      "p05": 1.4767763674259187,
      "p25": 1.4773190915584564,
      "p75": 1.4778009355068207,
      "p95": 1.4783469676971435
    },
    "row_sum_abs_mean": {
      "count": 1024,
      "mean": 5.456902278587222,
      "std": 0.23013568707231616,
      "median": 5.438440322875977,
      "min": 5.354098796844482,
      "max": 9.753332138061523,
      "p05": 5.41867983341217,
      "p25": 5.430559992790222,
      "p75": 5.445893168449402,
      "p95": 5.463674521446228
    },
    "band1_mass_fraction": {
      "count": 1024,
      "mean": 0.1735416473384248,
      "std": 0.0004792535181293824,
      "median": 0.1734919622540474,
      "min": 0.17158664762973785,
      "max": 0.17993733286857605,
      "p05": 0.17304276674985886,
      "p25": 0.17331347987055779,
      "p75": 0.17368556559085846,
      "p95": 0.1740957334637642
    },
    "band2_mass_fraction": {
      "count": 1024,
      "mean": 0.31631472217850387,
      "std": 0.0006391840342020082,
      "median": 0.31622906029224396,
      "min": 0.31528347730636597,
      "max": 0.32684996724128723,
      "p05": 0.315920427441597,
      "p25": 0.31611956655979156,
      "p75": 0.3163820281624794,
      "p95": 0.31676095277071
    },
    "fro_norm": {
      "count": 1024,
      "mean": 19.612296752631664,
      "std": 0.8358455649843723,
      "median": 19.544922828674316,
      "min": 19.224172592163086,
      "max": 35.323341369628906,
      "p05": 19.46159944534302,
      "p25": 19.51279306411743,
      "p75": 19.575390815734863,
      "p95": 19.6516544342041
    }
  },
  "distribution_W2": {
    "skew_symmetry_score": {
      "count": 1024,
      "mean": 1.4801775676896796,
      "std": 0.0007863734732485414,
      "median": 1.4801332354545593,
      "min": 1.4747201204299927,
      "max": 1.4904998540878296,
      "p05": 1.47959064245224,
      "p25": 1.4799870252609253,
      "p75": 1.4802835583686829,
      "p95": 1.4807114541530608
    },
    "symmetry_score": {
      "count": 1024,
      "mean": 1.3450178467901424,
      "std": 0.0008689950766434877,
      "median": 1.3450672030448914,
      "min": 1.3335705995559692,
      "max": 1.3509999513626099,
      "p05": 1.3444307088851928,
      "p25": 1.3449016511440277,
      "p75": 1.3452281057834625,
      "p95": 1.3456640124320984
    },
    "mirror_antisymmetry_score": {
      "count": 1024,
      "mean": 1.416240563732572,
      "std": 0.0012935731280525795,
      "median": 1.41622394323349,
      "min": 1.4017932415008545,
      "max": 1.435240626335144,
      "p05": 1.4152446210384368,
      "p25": 1.4159468412399292,
      "p75": 1.4165443778038025,
      "p95": 1.4172064781188964
    },
    "row_sum_abs_mean": {
      "count": 1024,
      "mean": 18.13204364851117,
      "std": 2.1175670656847077,
      "median": 17.96605110168457,
      "min": 17.453445434570312,
      "max": 58.44966125488281,
      "p05": 17.8320369720459,
      "p25": 17.918704986572266,
      "p75": 18.015053749084473,
      "p95": 18.135404872894288
    },
    "band1_mass_fraction": {
      "count": 1024,
      "mean": 0.19855095219099894,
      "std": 0.0006327847716786257,
      "median": 0.19850954413414001,
      "min": 0.19600935280323029,
      "max": 0.20751650631427765,
      "p05": 0.1981034606695175,
      "p25": 0.19836357980966568,
      "p75": 0.1986510567367077,
      "p95": 0.19896035194396972
    },
    "band2_mass_fraction": {
      "count": 1024,
      "mean": 0.4085658397816587,
      "std": 0.0006930030603932061,
      "median": 0.40858015418052673,
      "min": 0.40280091762542725,
      "max": 0.4166407883167267,
      "p05": 0.4078051224350929,
      "p25": 0.4083278104662895,
      "p75": 0.408812016248703,
      "p95": 0.4092338219285011
    },
    "fro_norm": {
      "count": 1024,
      "mean": 88.48944282531738,
      "std": 10.240628924860172,
      "median": 87.70658111572266,
      "min": 84.87287139892578,
      "max": 291.5933837890625,
      "p05": 86.96841430664062,
      "p25": 87.44304656982422,
      "p75": 87.97657585144043,
      "p95": 88.65880279541015
    }
  }
}